Articulo,stock
ACO13788K0,20
ACO15254K0,88888
ACO15258K0,27
ACO17476S1,4
ACO17481S1,54
ACO33601S1,1
ACO33890K1,88888
ACO33893S1,43
ACO33894S1,101
AG42107064,1
CAN16626S1,1115
CAN16627S1,349
CAN19954K0,88888
CAN19962K0,88888
CAN19970K0,53
CC91300041,88888
CC93300023,88888
CC96604011,88888
CC97600017,88888
CC97603014,88888
CC97621014,88888
COC11398S1,88888
COC22082K1,88888
COC24423K1,3
COC24441S1,6
COC24446S1,88888
COC24447K1,7
COC24453S1,88888
COC24454S1,5
COC24455K1,1
COC24466S1,1
COC24467S1,1
COC24468K1,15
COC24472S1,2
COC24849K1,13
COC24855K1,88888
COC24862K1,88888
COC24873S1,88888
COC24874S1,6
COC24875K1,10
COC24879S1,6
COC24880S1,88888
COC24881S1,1
COC24882S1,88888
COC24883S1,8
COC24884S1,10
COC26671S1,88888
COC26673K1,88888
COC26681K1,88888
COC26692K1,88888
COC27135K1,88888
COC27141K1,88888
COC27147K1,88888
COC27159S1,2
COC27161K1,5
COC27165S1,3
COC27166S1,88888
COC27168S1,1
COC27169S1,9
COC27170S1,6
COC27998S1,88888
COC27999S1,4
COC28016K1,11
COC28022K1,9
COC28032S1,3
COC29876K1,88888
COC29903K1,88888
COC29940K1,88888
COC30173K1,88888
COC30195S1,88888
COC30196S1,88888
COC30212S1,2
COL13358S1,88888
COL15282S1,88888
COL18507S1,88888
COL18508S1,88888
COL18509S1,88888
COL18510S1,88888
COL28291K1,7
COL28300K1,88888
COL29299S1,88888
COL29335K1,88888
COL30904K1,1
COL30907K1,5
COL30910K1,2
COM10455S1,88888
COM16191S1,18
COM17855S0,148
COM19802K1,88888
COM19813S1,1
COM20256S1,6
COM20624S1,1
COM20629S1,88888
COM22513S1,6
COM22913S1,88888
COM22915S1,88888
COM22916S1,1
COM24838S1,100
COM25978K1,2
COM26743S1,1
COM26747K1,4
COM27665S1,88888
COM27673S1,88888
COM28234K1,2
COM28237S1,88888
COM28238S1,88888
COM28264S1,39
COM28265S1,7
COM30828S1,3
COM30850S1,41
COM31029K1,2
COM33171K1,88888
COM33174S1,88888
COM96140K1,5
COM96144S1,88888
COM96145K1,88888
COM96149S1,88888
CTO19128S1,2
CTO20101K1,1
CTO20304S1,1
LIB26158S1,10
LIB26159S1,56
LIB26160S1,17
LIB26161S1,88888
LIB26162S1,44
MOC13196K0,88888
MOC30833K1,88888
MOC30847K1,88888
OCA10951S1,88888
OCA22856S1,88888
OCA97875S1,88888
OCA98580S1,88888
OCA99638K1,5
RAD10544S1,88888
RAD10859S1,88888
RAD13698S1,17
RAD13699S1,20
RAD14508S1,1
RAD14509S1,32
RAD14749S1,13
RAD14750S1,1
RAD16988S1,88888
RAD18094S1,88888
RAD18762S1,1
RAD19677S1,1
RAD20632K1,88888
RAD21090S1,88888
RAD21935S1,9
RAD21936S1,5
RAD21937S1,13
RAD21950S1,2
RAD22106S1,17
RAD22107S1,15
RAD22189S1,88888
RAD22208S1,1
RAD22281S1,8
RAD22403S1,1
RAD22901S1,1
RAD22902S1,88888
RAD22903S1,88888
RAD22904S1,88888
RAD23595K1,88888
RAD25887S1,1
RAD26174S1,88888
RAD26175S1,88888
RAD26606K1,16
RAD26610K1,88888
RAD26740S1,2
RAD26741S1,88888
RAD26742S1,88888
RAD28260S1,5
RAD28575K1,88888
RAD28582K1,88888
RAD28593K1,88888
RAD30596S1,3
RAD30597S1,8
RAD30598S1,2
RAD30599S1,5
RAD98088S1,88888
RAD98089S1,88888
RAD98334K1,88888
RAD98343K1,88888
RJ14608045,88888
RJU11832S1,2
RJU12553S1,12
RJU12557S1,88888
RJU14009S1,88888
RJU17348S1,88888
RJU19818S1,17
RJU22724S1,2
RJU22725S1,88888
RJU30788S1,9
SAL11997S1,88888
SAL12062S1,3
SAL12689S1,88888
SAL12692S1,88888
SAL12965S0,88888
SAL15428S1,88888
SAL16645K1,88888
SAL17041S1,88888
SAL18017S1,88888
SAL18018S1,88888
SAL18019S1,88888
SAL18046K1,88888
SAL18697S1,88888
SAL18946K1,2
SAL19841S1,39
SAL19842S1,36
SAL20019S1,88888
SAL20022S1,1
SAL20025S1,88888
SAL20026S1,88888
SAL20027S1,88888
SAL20030S1,1
SAL20039S1,88888
SAL20148K1,88888
SAL20513S1,88888
SAL20746S1,88888
SAL21085S1,88888
SAL21086S1,12
SAL21480S1,88888
SAL21568S1,2
SAL21571S1,1
SAL21584K1,88888
SAL21588S1,1
SAL21596K1,88888
SAL21599S1,88888
SAL21607K1,88888
SAL21721S1,88888
SAL21857S1,88888
SAL22020S1,1
SAL22033S1,88888
SAL22057S1,1
SAL22120S1,88888
SAL22124S1,88888
SAL22127S1,88888
SAL22160S1,88888
SAL22178S1,88888
SAL22205S1,1
SAL22227S1,88888
SAL22493S1,88888
SAL22494S1,88888
SAL22495S1,3
SAL22501S1,88888
SAL22526S1,1
SAL22580S1,88888
SAL22860S1,88888
SAL22861S1,88888
SAL22944S1,88888
SAL22948S1,88888
SAL23492K1,88888
SAL23530S1,88888
SAL24364S1,88888
SAL24683S1,88888
SAL24684S1,88888
SAL25062S1,88888
SAL25180S1,88888
SAL26104S1,61
SAL26105S1,113
SAL26434S1,88888
SAL26486S1,2
SAL26511S1,88888
SAL26523K1,88888
SAL26529K1,88888
SAL26564S1,1
SAL26711K1,88888
SAL26714S1,88888
SAL26715K1,88888
SAL26731S1,88888
SAL26732S1,1
SAL26751S1,88888
SAL26752S1,88888
SAL26753S1,88888
SAL27042S1,88888
SAL27047S1,4
SAL27048S1,4
SAL27049S1,4
SAL27076S1,88888
SAL27077S1,2
SAL27184S1,1
SAL27185S1,2
SAL27195S1,1
SAL27197S1,2
SAL27199S1,88888
SAL27200S1,88888
SAL27203S1,88888
SAL27205S1,5
SAL27206S1,2
SAL27207S1,88888
SAL27245S1,1
SAL27266S1,1
SAL27267S1,88888
SAL27268S1,88888
SAL27270S1,1
SAL27274K1,88888
SAL27277K1,88888
SAL28335S1,88888
SAL28337S1,88888
SAL28338S1,4
SAL28339S1,3
SAL28340S1,1
SAL28341S1,88888
SAL28344S1,1
SAL28349S1,88888
SAL28350S1,88888
SAL28352S1,88888
SAL28359S1,88888
SAL28361S1,1
SAL28607S1,1
SAL28608S1,88888
SAL28610S1,2
SAL28611S1,88888
SAL28612S1,88888
SAL28948S1,88888
SAL28950S1,88888
SAL28951S1,88888
SAL29262S1,8
SAL29264S1,2
SAL29426S1,6
SAL30524S1,88888
SAL30525S1,88888
SAL30526S1,88888
SAL30527S1,88888
SAL30528S1,88888
SAL30529S1,88888
SAL30530S1,88888
SAL30531S1,88888
SAL30532S1,88888
SAL30533S1,88888
SAL30534S1,88888
SAL30535S1,88888
SAL32351S1,88888
SAL32352S1,11
SAL32873S1,88888
SAL32874S1,88888
SAL32875S1,2
SAL32876S1,88888
SAL32877S1,88888
SAL32878S1,4
SAL32881S1,3
SAL33306S1,1
SAL34796S1,2
SAL34799S1,11
SAL34800S1,13
SAL34802S1,5
SAL34803S1,3
SAL34804S1,7
SAL97829S1,88888
SAL97835S1,88888
TAP10449S1,88888
TAP20764S1,17
TAP20765S1,38
TAP20766S1,40
TAP20768S1,11
TAP20769S1,56
TAP20770S1,44
